{"cameraMode":{"drawMode":0,"name":"Shaded","section":"Shading Mode"},"sceneLighting":false,"audioPlay":false,"sceneViewState":{"showFog":true,"showMaterialUpdate":false,"showSkybox":false,"showFlares":true,"showImageEffects":true,"showParticleSystems":true},"in2DMode":false,"pivot":{"x":4.079284191131592,"y":-0.3658003807067871,"z":-1.6257200241088868},"rotation":{"x":-0.16007359325885774,"y":-0.02309843711555004,"z":0.003746869508177042,"w":-0.9868277311325073},"size":0.8442763090133667,"orthographic":false}